<?xml version="1.0" encoding="UTF-8" standalone="yes"?>
<addon id="repository.wolfpack" name="[B][COLOR ghostwhite]W[/COLOR][COLOR red]OLFPAC[/COLOR][COLOR ghostwhite]K[/COLOR][/B]" version="1.1" provider-name="Wolfpack">
	<extension point="xbmc.addon.repository" name="[B][COLOR ghostwhite]W[/COLOR][COLOR red]OLFPAC[/COLOR][COLOR ghostwhite]K[/COLOR][/B]">
		<info compressed="false">http://midian.srve.io/wolfpackrepo/files/addons.xml</info>
		<checksum>http://midian.srve.io/wolfpackrepo/files/addons.xml.md5</checksum>
		<datadir zip="true">http://midian.srve.io/wolfpackrepo/files/</datadir>
	</extension>
	<extension point="xbmc.addon.metadata">
		<summary></summary>
		<description>This is the wolfpack repo, where you can get access to the wolfpack addon</description>
		<platform>all</platform>
	</extension>
</addon>

