<?xml version="1.0"?>
<addon id="repository.bradleyrepo" name="Bradley Repo" version="1.0" provider-name="Bradley">
    <extension point="xbmc.addon.repository" name="Bradley Repository">
        <info compressed="false">https://raw.githubusercontent.com/bradl79/bradleyrepo/master/addons.xml</info>
        <checksum>https://raw.githubusercontent.com/bradl79/bradleyrepo/master/addons.xml.md5</checksum>
        <datadir zip="true">https://github.com/bradl79/bradleyrepo/raw/master/zips</datadir>
    </extension>
    <extension point="xbmc.addon.metadata">
        <summary></summary>
        <description></description>
        <platform>all</platform>
    </extension>
</addon>

